<?xml version="1.0" encoding="UTF-8"?>
<project-private xmlns="http://www.netbeans.org/ns/project-private/1">
    <editor-bookmarks xmlns="http://www.netbeans.org/ns/editor-bookmarks/2" lastBookmarkId="0"/>
    <open-files xmlns="http://www.netbeans.org/ns/projectui-open-files/2">
        <group>
            <file>file:/C:/Users/Saksham%20Rana/Documents/NetBeansProjects/RailwayReservation/src/Railway/PassengerEdit.java</file>
            <file>file:/C:/Users/Saksham%20Rana/Documents/NetBeansProjects/RailwayReservation/src/Railway/AddTrain1.java</file>
            <file>file:/C:/Users/Saksham%20Rana/Documents/NetBeansProjects/RailwayReservation/src/Railway/Login.java</file>
            <file>file:/C:/Users/Saksham%20Rana/Documents/NetBeansProjects/RailwayReservation/src/Railway/Reservation.java</file>
            <file>file:/C:/Users/Saksham%20Rana/Documents/NetBeansProjects/RailwayReservation/src/Railway/PassengerDetails.java</file>
            <file>file:/C:/Users/Saksham%20Rana/Documents/NetBeansProjects/RailwayReservation/src/railwayreservation/RailwayReservation.java</file>
            <file>file:/C:/Users/Saksham%20Rana/Documents/NetBeansProjects/RailwayReservation/src/Railway/Main.java</file>
        </group>
    </open-files>
</project-private>
